"ESVG 2010, Quartalsaggregate des Bruttoinlandprodukts, Produktionsansatz, unbereinigte Daten",,,,,,,,,,,,,,,,,,,,,,,,,,,,,,,,,,,,,,,,,,,,,,,,,,,,,
"In Mio. Franken, zu laufenden Preisen und Veränderungsraten in % gegenüber dem gleichen Quartal des Vorjahres",,,,,,,,,,,,,,,,,,,,,,,,,,,,,,,,,,,,,,,,,,,,,,,,,,,,,
,,,,,,,,,,,,,,,,,,,,,,,,,,,,,,,,,,,,,,,,,,,,,,,,,,,,,
,,Bruttoinlandprodukt,#BEZUG!,#BEZUG!,#BEZUG!,#BEZUG!,#BEZUG!,#BEZUG!,#BEZUG!,#BEZUG!,#BEZUG!,,,#BEZUG!,#BEZUG!,,,#BEZUG!,#BEZUG!,#BEZUG!,#BEZUG!,,,#BEZUG!,#BEZUG!,#BEZUG!,#BEZUG!,#BEZUG!,#BEZUG!,#BEZUG!,#BEZUG!,#BEZUG!,#BEZUG!,#BEZUG!,#BEZUG!,#BEZUG!,#BEZUG!,#BEZUG!,#BEZUG!,#BEZUG!,#BEZUG!,,,#BEZUG!,#BEZUG!,#BEZUG!,#BEZUG!,#BEZUG!,#BEZUG!,#BEZUG!,#BEZUG!,,
,,,,Bruttowertschöpfung vor Berichtigungen,#BEZUG!,#BEZUG!,#BEZUG!,#BEZUG!,#BEZUG!,#BEZUG!,#BEZUG!,,,#BEZUG!,#BEZUG!,,,#BEZUG!,#BEZUG!,#BEZUG!,#BEZUG!,,,#BEZUG!,#BEZUG!,#BEZUG!,#BEZUG!,#BEZUG!,#BEZUG!,#BEZUG!,#BEZUG!,#BEZUG!,#BEZUG!,#BEZUG!,#BEZUG!,#BEZUG!,#BEZUG!,#BEZUG!,#BEZUG!,#BEZUG!,#BEZUG!,,,#BEZUG!,#BEZUG!,Berichtigungen,#BEZUG!,#BEZUG!,#BEZUG!,#BEZUG!,#BEZUG!,,
,,,, ,,"Land-, Forstwirtschaft und Fischerei",,Bergbau und Gewinnung von Steinen und Erden,,Verarbeitendes Gewerbe/Herstellung  von Waren,,,,Energieversorgung,,"Wasserversorgung, Abwasser- und Abfallentsorgung und Beseitigung von Umweltverschmutzung",,Baugewerbe/Bau,,Handel; Instandhaltung und Reparatur von Kraftfahrzeugen,,,,Verkehr und Lagerei; Information und Kommunikation,,Gastgewerbe und Beherbergung,,Finanzdienstleistungen,,Versicherungsdienstleistungen,,"Grundstück- und Wohnungswesen; Freiberufl., wiss., techn. und sonstige DL",,Öffentliche Verwaltung ,,Erziehung und Unterricht,,Gesundheits- und Sozialwesen,,"Kunst, Unterhaltung und Erholung ",,Erbringung von sonstigen Dienstleistungen,,Private Haushalte als Arbeitgeber und Hersteller von Waren für den Eigenbedarf,,,,Gütersteuern,,Gütersubventionen,,,
,,,,,,,,,,,,,,,,,,,,,,,,,,,,,,,,,,,,,,,,,,,,,,,,,,,,,
,,,,,,,,,,,,davon Chemie/Pharma,,,,,,,,,,davon Detailhandel,,,,,,,,,,,,,,,,,,,,,,,,,,,,,,,
,,,,,,,,,,,,,,,,,,,,,,,,,,,,,,,,,,,,,,,,,,,,,,,,,,,,,
,,,,,,,,,,,,,,,,,,,,,,,,,,,,,,,,,,,,,,,,,,,,,,,,,,,,,
,,,,,,NOGA 01-03,,NOGA 05-09,,NOGA 10-33,,NOGA 19-21,,NOGA 35,,NOGA 36-39,,NOGA 41-43,,NOGA 45-47,,NOGA 47,,NOGA 49-53; 58-63,,NOGA 55-56,,NOGA 64,,NOGA 65,,NOGA 68-75; 77-82,,NOGA 84,,NOGA 85,,NOGA 86-88,,NOGA 90-93,,NOGA 94-96,,NOGA 97-98,,,,,,,,,
1980,1,"49,174",,,,,,,,,,,,,,,,,,,,,,,,,,,,,,,,,,,,,,,,,,,,,,,,,,,
1980,2,"51,042",,,,,,,,,,,,,,,,,,,,,,,,,,,,,,,,,,,,,,,,,,,,,,,,,,,
1980,3,"51,374",,,,,,,,,,,,,,,,,,,,,,,,,,,,,,,,,,,,,,,,,,,,,,,,,,,
1980,4,"53,780",,,,,,,,,,,,,,,,,,,,,,,,,,,,,,,,,,,,,,,,,,,,,,,,,,,
1981,1,"51,944",5.6%,,,,,,,,,,,,,,,,,,,,,,,,,,,,,,,,,,,,,,,,,,,,,,,,,,
1981,2,"54,730",7.2%,,,,,,,,,,,,,,,,,,,,,,,,,,,,,,,,,,,,,,,,,,,,,,,,,,
1981,3,"55,509",8.1%,,,,,,,,,,,,,,,,,,,,,,,,,,,,,,,,,,,,,,,,,,,,,,,,,,
1981,4,"58,287",8.4%,,,,,,,,,,,,,,,,,,,,,,,,,,,,,,,,,,,,,,,,,,,,,,,,,,
1982,1,"56,144",8.1%,,,,,,,,,,,,,,,,,,,,,,,,,,,,,,,,,,,,,,,,,,,,,,,,,,
1982,2,"58,373",6.7%,,,,,,,,,,,,,,,,,,,,,,,,,,,,,,,,,,,,,,,,,,,,,,,,,,
1982,3,"58,490",5.4%,,,,,,,,,,,,,,,,,,,,,,,,,,,,,,,,,,,,,,,,,,,,,,,,,,
1982,4,"60,566",3.9%,,,,,,,,,,,,,,,,,,,,,,,,,,,,,,,,,,,,,,,,,,,,,,,,,,
1983,1,"58,258",3.8%,,,,,,,,,,,,,,,,,,,,,,,,,,,,,,,,,,,,,,,,,,,,,,,,,,
1983,2,"59,833",2.5%,,,,,,,,,,,,,,,,,,,,,,,,,,,,,,,,,,,,,,,,,,,,,,,,,,
1983,3,"59,940",2.5%,,,,,,,,,,,,,,,,,,,,,,,,,,,,,,,,,,,,,,,,,,,,,,,,,,
1983,4,"62,597",3.4%,,,,,,,,,,,,,,,,,,,,,,,,,,,,,,,,,,,,,,,,,,,,,,,,,,
1984,1,"61,521",5.6%,,,,,,,,,,,,,,,,,,,,,,,,,,,,,,,,,,,,,,,,,,,,,,,,,,
1984,2,"63,828",6.7%,,,,,,,,,,,,,,,,,,,,,,,,,,,,,,,,,,,,,,,,,,,,,,,,,,
1984,3,"64,493",7.6%,,,,,,,,,,,,,,,,,,,,,,,,,,,,,,,,,,,,,,,,,,,,,,,,,,
1984,4,"67,345",7.6%,,,,,,,,,,,,,,,,,,,,,,,,,,,,,,,,,,,,,,,,,,,,,,,,,,
1985,1,"65,566",6.6%,,,,,,,,,,,,,,,,,,,,,,,,,,,,,,,,,,,,,,,,,,,,,,,,,,
1985,2,"68,019",6.6%,,,,,,,,,,,,,,,,,,,,,,,,,,,,,,,,,,,,,,,,,,,,,,,,,,
1985,3,"67,890",5.3%,,,,,,,,,,,,,,,,,,,,,,,,,,,,,,,,,,,,,,,,,,,,,,,,,,
1985,4,"71,214",5.7%,,,,,,,,,,,,,,,,,,,,,,,,,,,,,,,,,,,,,,,,,,,,,,,,,,
1986,1,"68,805",4.9%,,,,,,,,,,,,,,,,,,,,,,,,,,,,,,,,,,,,,,,,,,,,,,,,,,
1986,2,"72,132",6.0%,,,,,,,,,,,,,,,,,,,,,,,,,,,,,,,,,,,,,,,,,,,,,,,,,,
1986,3,"71,558",5.4%,,,,,,,,,,,,,,,,,,,,,,,,,,,,,,,,,,,,,,,,,,,,,,,,,,
1986,4,"73,693",3.5%,,,,,,,,,,,,,,,,,,,,,,,,,,,,,,,,,,,,,,,,,,,,,,,,,,
1987,1,"71,085",3.3%,,,,,,,,,,,,,,,,,,,,,,,,,,,,,,,,,,,,,,,,,,,,,,,,,,
1987,2,"73,680",2.1%,,,,,,,,,,,,,,,,,,,,,,,,,,,,,,,,,,,,,,,,,,,,,,,,,,
1987,3,"74,529",4.2%,,,,,,,,,,,,,,,,,,,,,,,,,,,,,,,,,,,,,,,,,,,,,,,,,,
1987,4,"77,808",5.6%,,,,,,,,,,,,,,,,,,,,,,,,,,,,,,,,,,,,,,,,,,,,,,,,,,
1988,1,"75,463",6.2%,,,,,,,,,,,,,,,,,,,,,,,,,,,,,,,,,,,,,,,,,,,,,,,,,,
1988,2,"77,890",5.7%,,,,,,,,,,,,,,,,,,,,,,,,,,,,,,,,,,,,,,,,,,,,,,,,,,
1988,3,"78,947",5.9%,,,,,,,,,,,,,,,,,,,,,,,,,,,,,,,,,,,,,,,,,,,,,,,,,,
1988,4,"83,101",6.8%,,,,,,,,,,,,,,,,,,,,,,,,,,,,,,,,,,,,,,,,,,,,,,,,,,
1989,1,"81,041",7.4%,,,,,,,,,,,,,,,,,,,,,,,,,,,,,,,,,,,,,,,,,,,,,,,,,,
1989,2,"85,046",9.2%,,,,,,,,,,,,,,,,,,,,,,,,,,,,,,,,,,,,,,,,,,,,,,,,,,
1989,3,"85,310",8.1%,,,,,,,,,,,,,,,,,,,,,,,,,,,,,,,,,,,,,,,,,,,,,,,,,,
1989,4,"89,043",7.2%,,,,,,,,,,,,,,,,,,,,,,,,,,,,,,,,,,,,,,,,,,,,,,,,,,
1990,1,"89,254",10.1%,"86,683",,"1,893",,165,,"17,858",,"2,577",,"1,561",,557,,"7,369",,"13,330",,"4,798",,"7,587",,"1,831",,"2,879",,"3,838",,"12,348",,"8,482",,744,,"4,100",,449,,"1,392",,301,,"2,571",,"4,586",,"-2,014",,,
1990,2,"92,229",8.4%,"89,797",,"1,948",,171,,"18,371",,"2,574",,"1,621",,570,,"7,813",,"14,221",,"5,112",,"7,937",,"1,850",,"2,769",,"3,886",,"12,718",,"8,741",,755,,"4,224",,462,,"1,432",,307,,"2,432",,"4,446",,"-2,014",,,
1990,3,"92,387",8.3%,"89,832",,"1,977",,167,,"17,776",,"2,525",,"1,561",,573,,"8,036",,"13,138",,"4,834",,"8,083",,"2,378",,"2,868",,"3,920",,"13,021",,"8,959",,781,,"4,329",,479,,"1,473",,314,,"2,556",,"4,570",,"-2,014",,,
1990,4,"95,328",7.1%,"92,957",,"1,971",,165,,"19,052",,"2,575",,"1,740",,569,,"6,967",,"16,033",,"5,871",,"8,126",,"1,641",,"2,811",,"3,940",,"13,326",,"9,186",,800,,"4,351",,481,,"1,477",,321,,"2,371",,"4,385",,"-2,014",,,
1991,1,"93,979",5.3%,"91,577",5.6%,"1,934",2.2%,182,10.0%,"18,416",3.1%,"2,685",4.2%,"1,830",17.2%,579,4.0%,"7,588",3.0%,"12,831",-3.7%,"4,720",-1.6%,"8,569",12.9%,"2,087",14.0%,"3,189",10.8%,"3,946",2.8%,"13,561",9.8%,"9,355",10.3%,796,7.0%,"4,415",7.7%,483,7.5%,"1,489",7.0%,327,8.7%,"2,402",-6.6%,"4,694",2.4%,"-2,291",13.8%,,
1991,2,"96,186",4.3%,"94,007",4.7%,"1,938",-0.6%,184,7.6%,"19,164",4.3%,"2,710",5.3%,"1,752",8.1%,585,2.7%,"7,943",1.7%,"13,277",-6.6%,"4,825",-5.6%,"9,086",14.5%,"1,969",6.4%,"3,223",16.4%,"3,956",1.8%,"13,769",8.3%,"9,519",8.9%,783,3.6%,"4,546",7.6%,481,3.9%,"1,500",4.8%,333,8.3%,"2,179",-10.4%,"4,470",0.5%,"-2,291",13.8%,,
1991,3,"96,399",4.3%,"94,071",4.7%,"1,902",-3.8%,177,6.1%,"18,583",4.5%,"2,694",6.7%,"1,802",15.4%,589,2.8%,"8,008",-0.3%,"12,461",-5.2%,"4,624",-4.4%,"9,246",14.4%,"2,583",8.6%,"3,195",11.4%,"3,969",1.2%,"13,998",7.5%,"9,711",8.4%,795,1.7%,"4,711",8.8%,489,2.1%,"1,515",2.9%,339,7.9%,"2,328",-8.9%,"4,619",1.1%,"-2,291",13.8%,,
1991,4,"99,041",3.9%,"96,941",4.3%,"1,863",-5.5%,167,0.7%,"19,656",3.2%,"2,771",7.6%,"1,954",12.3%,586,2.8%,"6,868",-1.4%,"15,898",-0.8%,"5,880",0.2%,"9,020",11.0%,"1,726",5.2%,"3,191",13.5%,"3,981",1.1%,"14,241",6.9%,"9,915",7.9%,828,3.5%,"4,729",8.7%,489,1.6%,"1,484",0.5%,345,7.4%,"2,101",-11.4%,"4,392",0.2%,"-2,291",13.8%,,
1992,1,"97,387",3.6%,"95,024",3.8%,"1,812",-6.3%,162,-10.9%,"19,041",3.4%,"2,885",7.5%,"2,005",9.6%,587,1.5%,"7,178",-5.4%,"13,017",1.4%,"4,758",0.8%,"8,954",4.5%,"2,162",3.6%,"3,597",12.8%,"3,992",1.2%,"14,487",6.8%,"10,098",7.9%,817,2.6%,"4,807",8.9%,490,1.5%,"1,470",-1.3%,349,6.6%,"2,363",-1.6%,"4,738",0.9%,"-2,375",3.6%,,
1992,2,"98,932",2.9%,"96,853",3.0%,"1,796",-7.3%,156,-15.2%,"19,260",0.5%,"2,869",5.8%,"2,018",15.2%,593,1.4%,"7,442",-6.3%,"13,926",4.9%,"5,097",5.6%,"9,193",1.2%,"2,048",4.0%,"3,380",4.9%,"4,022",1.7%,"14,698",6.7%,"10,215",7.3%,805,2.8%,"4,952",8.9%,491,2.3%,"1,506",0.4%,352,5.8%,"2,079",-4.6%,"4,454",-0.4%,"-2,375",3.6%,,
1992,3,"97,757",1.4%,"95,684",1.7%,"1,789",-5.9%,152,-14.1%,"18,619",0.2%,"2,795",3.8%,"2,084",15.7%,591,0.2%,"7,403",-7.6%,"13,044",4.7%,"4,845",4.8%,"9,159",-0.9%,"2,623",1.5%,"3,322",4.0%,"4,074",2.7%,"14,681",4.9%,"10,232",5.4%,830,4.4%,"4,803",1.9%,462,-5.4%,"1,461",-3.6%,355,4.9%,"2,073",-10.9%,"4,448",-3.7%,"-2,375",3.6%,,
1992,4,"99,550",0.5%,"97,528",0.6%,"1,731",-7.1%,150,-9.8%,"19,249",-2.1%,"2,832",2.2%,"2,084",6.6%,598,2.2%,"6,680",-2.7%,"15,889",-0.1%,"5,964",1.4%,"8,815",-2.3%,"1,717",-0.5%,"3,675",15.2%,"4,151",4.3%,"14,650",2.9%,"10,214",3.0%,873,5.5%,"4,827",2.1%,452,-7.5%,"1,412",-4.8%,358,4.0%,"2,022",-3.7%,"4,397",0.1%,"-2,375",3.6%,,
1993,1,"97,040",-0.4%,"94,613",-0.4%,"1,717",-5.2%,155,-4.5%,"18,635",-2.1%,"2,978",3.2%,"2,127",6.1%,597,1.7%,"6,629",-7.6%,"12,612",-3.1%,"4,731",-0.6%,"8,595",-4.0%,"2,189",1.3%,"4,243",18.0%,"4,254",6.6%,"14,634",1.0%,"10,268",1.7%,885,8.4%,"4,860",1.1%,453,-7.5%,"1,400",-4.7%,360,3.3%,"2,427",2.7%,"4,793",1.2%,"-2,366",-0.4%,,
1993,2,"100,186",1.3%,"97,910",1.1%,"1,667",-7.2%,156,0.3%,"19,241",-0.1%,"3,032",5.7%,"2,101",4.2%,597,0.6%,"7,005",-5.9%,"13,555",-2.7%,"5,050",-0.9%,"8,733",-5.0%,"2,109",2.9%,"4,866",44.0%,"4,277",6.3%,"15,115",2.8%,"10,390",1.7%,868,7.8%,"4,957",0.1%,465,-5.3%,"1,444",-4.1%,363,3.2%,"2,277",9.5%,"4,642",4.2%,"-2,366",-0.4%,,
1993,3,"101,068",3.4%,"98,738",3.2%,"1,668",-6.8%,157,3.3%,"18,981",1.9%,"2,969",6.2%,"2,313",11.0%,590,-0.1%,"7,150",-3.4%,"13,061",0.1%,"4,900",1.1%,"8,674",-5.3%,"2,620",-0.1%,"5,364",61.5%,"4,220",3.6%,"15,348",4.5%,"10,444",2.1%,868,4.6%,"4,998",4.1%,461,-0.3%,"1,453",-0.5%,368,3.5%,"2,330",12.4%,"4,696",5.6%,"-2,366",-0.4%,,
1993,4,"103,963",4.4%,"101,661",4.2%,"1,613",-6.8%,152,1.0%,"20,182",4.8%,"3,017",6.5%,"2,521",21.0%,585,-2.3%,"6,798",1.8%,"15,832",-0.4%,"5,901",-1.1%,"8,461",-4.0%,"1,727",0.5%,"5,437",47.9%,"4,083",-1.7%,"15,515",5.9%,"10,565",3.4%,866,-0.9%,"5,016",3.9%,484,7.0%,"1,451",2.8%,374,4.3%,"2,303",13.9%,"4,668",6.2%,"-2,366",-0.4%,,
1994,1,"101,816",4.9%,"99,180",4.8%,"1,588",-7.5%,145,-6.1%,"19,648",5.4%,"3,161",6.2%,"2,485",16.8%,590,-1.2%,"6,991",5.5%,"13,115",4.0%,"4,855",2.6%,"8,270",-3.8%,"2,257",3.1%,"5,576",31.4%,"3,865",-9.2%,"15,778",7.8%,"10,642",3.6%,820,-7.4%,"5,136",5.7%,467,3.1%,"1,426",1.9%,380,5.5%,"2,636",8.6%,"4,958",3.4%,"-2,322",-1.9%,,
1994,2,"101,977",1.8%,"99,494",1.6%,"1,540",-7.6%,146,-6.7%,"19,983",3.9%,"3,151",3.9%,"2,659",26.6%,603,1.0%,"7,333",4.7%,"13,338",-1.6%,"4,876",-3.5%,"8,433",-3.4%,"2,017",-4.3%,"4,941",1.5%,"3,738",-12.6%,"15,935",5.4%,"10,543",1.5%,789,-9.1%,"5,194",4.8%,467,0.5%,"1,450",0.4%,385,5.9%,"2,483",9.1%,"4,805",3.5%,"-2,322",-1.9%,,
1994,3,"102,818",1.7%,"100,456",1.7%,"1,573",-5.7%,148,-5.7%,"19,794",4.3%,"3,071",3.5%,"2,853",23.3%,571,-3.2%,"7,504",4.9%,"13,282",1.7%,"4,868",-0.6%,"8,550",-1.4%,"2,538",-3.1%,"4,657",-13.2%,"3,701",-12.3%,"16,076",4.7%,"10,729",2.7%,783,-9.8%,"5,389",7.8%,469,1.8%,"1,451",-0.2%,388,5.6%,"2,362",1.4%,"4,684",-0.3%,"-2,322",-1.9%,,
1994,4,"105,579",1.6%,"103,297",1.6%,"1,567",-2.9%,156,3.0%,"20,977",3.9%,"3,109",3.0%,"2,761",9.5%,574,-1.8%,"7,023",3.3%,"16,335",3.2%,"5,926",0.4%,"8,544",1.0%,"1,685",-2.4%,"4,534",-16.6%,"3,752",-8.1%,"16,080",3.6%,"10,766",1.9%,803,-7.2%,"5,436",8.4%,467,-3.4%,"1,446",-0.4%,391,4.5%,"2,283",-0.9%,"4,604",-1.4%,"-2,322",-1.9%,,
1995,1,"101,939",0.1%,"98,788",-0.4%,"1,518",-4.4%,173,19.0%,"19,563",-0.4%,"3,130",-1.0%,"2,907",16.9%,582,-1.4%,"6,382",-8.7%,"13,443",2.5%,"4,969",2.3%,"8,524",3.1%,"2,197",-2.6%,"4,314",-22.6%,"3,920",1.4%,"15,865",0.6%,"10,730",0.8%,830,1.3%,"5,516",7.4%,484,3.6%,"1,452",1.8%,389,2.5%,"3,151",19.5%,"5,511",11.2%,"-2,361",1.7%,,
1995,2,"104,013",2.0%,"101,073",1.6%,"1,461",-5.1%,183,25.6%,"19,854",-0.6%,"3,131",-0.6%,"2,950",10.9%,581,-3.6%,"7,118",-2.9%,"14,103",5.7%,"5,147",5.6%,"8,795",4.3%,"2,095",3.8%,"4,469",-9.6%,"3,988",6.7%,"16,037",0.6%,"10,711",1.6%,827,4.8%,"5,527",6.4%,485,3.7%,"1,500",3.5%,391,1.6%,"2,940",18.4%,"5,301",10.3%,"-2,361",1.7%,,
1995,3,"104,701",1.8%,"101,422",1.0%,"1,451",-7.7%,179,20.8%,"19,364",-2.2%,"3,089",0.6%,"2,970",4.1%,579,1.5%,"7,328",-2.3%,"13,545",2.0%,"5,067",4.1%,"8,873",3.8%,"2,417",-4.8%,"4,841",3.9%,"4,011",8.4%,"16,294",1.4%,"10,740",0.1%,832,6.2%,"5,615",4.2%,482,2.7%,"1,511",4.2%,391,0.7%,"3,279",38.8%,"5,640",20.4%,"-2,361",1.7%,,
1995,4,"106,575",0.9%,"103,528",0.2%,"1,406",-10.2%,169,7.9%,"20,280",-3.3%,"3,093",-0.5%,"2,914",5.5%,552,-3.8%,"6,705",-4.5%,"15,764",-3.5%,"5,679",-4.2%,"8,861",3.7%,"1,850",9.8%,"5,041",11.2%,"3,990",6.3%,"16,407",2.0%,"10,739",-0.2%,840,4.6%,"5,630",3.6%,484,3.6%,"1,504",4.1%,390,-0.2%,"3,048",33.5%,"5,408",17.5%,"-2,361",1.7%,,
1996,1,"103,657",1.7%,"100,830",2.1%,"1,309",-13.8%,149,-14.0%,"19,489",-0.4%,"3,195",2.1%,"2,853",-1.9%,532,-8.6%,"6,055",-5.1%,"13,469",0.2%,"5,036",1.3%,"8,808",3.3%,"2,129",-3.1%,"5,903",36.8%,"3,923",0.1%,"16,558",4.4%,"10,804",0.7%,819,-1.4%,"5,684",3.1%,481,-0.5%,"1,479",1.8%,386,-0.9%,"2,827",-10.3%,"5,253",-4.7%,"-2,426",2.8%,,
1996,2,"105,554",1.5%,"102,092",1.0%,"1,274",-12.8%,160,-12.3%,"19,739",-0.6%,"3,249",3.8%,"2,816",-4.6%,526,-9.4%,"6,644",-6.7%,"13,834",-1.9%,"5,128",-0.4%,"9,043",2.8%,"2,084",-0.5%,"5,824",30.3%,"3,895",-2.3%,"16,645",3.8%,"10,812",0.9%,803,-2.8%,"5,675",2.7%,474,-2.3%,"1,461",-2.6%,383,-2.1%,"3,462",17.7%,"5,888",11.1%,"-2,426",2.8%,,
1996,3,"104,415",-0.3%,"101,376",0.0%,"1,261",-13.1%,163,-9.0%,"19,304",-0.3%,"3,202",3.7%,"2,685",-9.6%,514,-11.4%,"6,645",-9.3%,"13,131",-3.1%,"4,964",-2.0%,"9,104",2.6%,"2,507",3.7%,"5,860",21.0%,"3,903",-2.7%,"16,678",2.4%,"10,810",0.7%,811,-2.5%,"5,700",1.5%,472,-2.0%,"1,450",-4.1%,381,-2.6%,"3,039",-7.3%,"5,465",-3.1%,"-2,426",2.8%,,
1996,4,"106,742",0.2%,"103,874",0.3%,"1,284",-8.7%,160,-5.2%,"20,230",-0.2%,"3,214",3.9%,"2,801",-3.9%,490,-11.2%,"5,869",-12.5%,"15,904",0.9%,"5,717",0.7%,"8,840",-0.2%,"2,032",9.8%,"6,099",21.0%,"3,946",-1.1%,"16,618",1.3%,"10,773",0.3%,824,-1.9%,"5,714",1.5%,464,-4.2%,"1,445",-3.9%,380,-2.6%,"2,869",-5.9%,"5,294",-2.1%,"-2,426",2.8%,,
1997,1,"103,881",0.2%,"100,699",-0.1%,"1,301",-0.5%,159,7.4%,"19,235",-1.3%,"3,345",4.7%,"2,782",-2.5%,493,-7.4%,"5,363",-11.4%,"12,992",-3.5%,"4,925",-2.2%,"8,558",-2.8%,"2,511",18.0%,"7,270",23.1%,"4,021",2.5%,"16,519",-0.2%,"10,719",-0.8%,816,-0.4%,"5,700",0.3%,456,-5.1%,"1,424",-3.7%,379,-1.7%,"3,182",12.6%,"5,578",6.2%,"-2,395",-1.3%,,
1997,2,"106,616",1.0%,"103,376",1.3%,"1,316",3.3%,184,14.4%,"20,144",2.1%,"3,430",5.6%,"2,768",-1.7%,500,-5.0%,"5,910",-11.1%,"13,994",1.2%,"5,104",-0.5%,"8,673",-4.1%,"2,500",20.0%,"7,375",26.6%,"4,110",5.5%,"16,456",-1.1%,"10,677",-1.3%,811,1.0%,"5,733",1.0%,452,-4.7%,"1,396",-4.5%,379,-0.9%,"3,240",-6.4%,"5,635",-4.3%,"-2,395",-1.3%,,
1997,3,"107,165",2.6%,"103,726",2.3%,"1,339",6.2%,192,18.4%,"19,926",3.2%,"3,431",7.2%,"2,856",6.4%,497,-3.2%,"5,902",-11.2%,"13,341",1.6%,"4,931",-0.7%,"8,723",-4.2%,"3,002",19.7%,"7,636",30.3%,"4,214",8.0%,"16,496",-1.1%,"10,727",-0.8%,813,0.2%,"5,802",1.8%,462,-2.2%,"1,418",-2.2%,380,-0.2%,"3,438",13.1%,"5,834",6.8%,"-2,395",-1.3%,,
1997,4,"110,164",3.2%,"106,921",2.9%,"1,371",6.7%,191,19.4%,"21,036",4.0%,"3,492",8.7%,"2,675",-4.5%,494,0.7%,"5,434",-7.4%,"16,532",4.0%,"5,818",1.8%,"8,656",-2.1%,"2,448",20.5%,"7,517",23.2%,"4,339",10.0%,"16,528",-0.5%,"10,722",-0.5%,828,0.4%,"5,895",3.2%,461,-0.6%,"1,412",-2.3%,382,0.4%,"3,243",13.0%,"5,638",6.5%,"-2,395",-1.3%,,
1998,1,"107,402",3.4%,"103,982",3.3%,"1,323",1.7%,181,13.6%,"19,909",3.5%,"3,655",9.3%,"2,638",-5.2%,507,3.0%,"5,177",-3.5%,"13,335",2.6%,"4,962",0.8%,"8,960",4.7%,"2,732",8.8%,"8,110",11.6%,"4,490",11.6%,"16,686",1.0%,"10,662",-0.5%,833,2.1%,"6,106",7.1%,533,16.7%,"1,416",-0.5%,383,1.1%,"3,420",7.5%,"6,067",8.8%,"-2,647",10.5%,,
1998,2,"110,530",3.7%,"106,954",3.5%,"1,295",-1.6%,192,4.6%,"20,489",1.7%,"3,675",7.1%,"2,682",-3.1%,502,0.4%,"5,883",-0.5%,"14,254",1.9%,"5,213",2.1%,"9,319",7.5%,"2,644",5.7%,"8,201",11.2%,"4,564",11.0%,"16,790",2.0%,"10,644",-0.3%,830,2.3%,"6,271",9.4%,599,32.6%,"1,410",1.0%,386,1.7%,"3,576",10.4%,"6,223",10.4%,"-2,647",10.5%,,
1998,3,"110,185",2.8%,"106,326",2.5%,"1,291",-3.5%,192,-0.2%,"20,037",0.6%,"3,543",3.3%,"2,698",-5.5%,487,-2.0%,"6,102",3.4%,"13,505",1.2%,"5,039",2.2%,"9,452",8.3%,"3,036",1.2%,"7,830",2.5%,"4,560",8.2%,"16,880",2.3%,"10,696",-0.3%,830,2.1%,"6,361",9.6%,566,22.6%,"1,414",-0.2%,388,2.2%,"3,859",12.2%,"6,506",11.5%,"-2,647",10.5%,,
1998,4,"111,838",1.5%,"108,414",1.4%,"1,246",-9.1%,188,-1.8%,"20,687",-1.7%,"3,447",-1.3%,"2,722",1.8%,459,-7.0%,"5,511",1.4%,"16,481",-0.3%,"5,885",1.2%,"9,227",6.6%,"2,434",-0.6%,"7,806",3.8%,"4,473",3.1%,"16,980",2.7%,"10,669",-0.5%,833,0.6%,"6,402",8.6%,526,14.1%,"1,379",-2.3%,391,2.5%,"3,424",5.6%,"6,071",7.7%,"-2,647",10.5%,,
1999,1,"108,370",0.9%,"104,026",0.0%,"1,198",-9.4%,174,-3.8%,"19,684",-1.1%,"3,466",-5.2%,"2,597",-1.6%,484,-4.7%,"5,129",-0.9%,"13,571",1.8%,"5,071",2.2%,"8,855",-1.2%,"2,748",0.6%,"8,062",-0.6%,"4,292",-4.4%,"17,141",2.7%,"10,656",-0.1%,821,-1.4%,"6,365",4.2%,492,-7.6%,"1,362",-3.8%,394,2.7%,"4,344",27.0%,"6,581",8.5%,"-2,238",-15.5%,,
1999,2,"110,513",0.0%,"106,480",-0.4%,"1,170",-9.7%,179,-6.5%,"20,362",-0.6%,"3,488",-5.1%,"2,790",4.0%,500,-0.4%,"5,715",-2.9%,"14,336",0.6%,"5,185",-0.6%,"8,948",-4.0%,"2,657",0.5%,"8,176",-0.3%,"4,224",-7.4%,"17,232",2.6%,"10,704",0.6%,811,-2.3%,"6,418",2.3%,498,-16.8%,"1,364",-3.3%,397,2.8%,"4,033",12.8%,"6,271",0.8%,"-2,238",-15.5%,,
1999,3,"111,671",1.3%,"106,747",0.4%,"1,244",-3.7%,185,-3.4%,"20,132",0.5%,"3,518",-0.7%,"2,782",3.1%,507,4.0%,"5,836",-4.4%,"14,110",4.5%,"5,122",1.7%,"9,041",-4.3%,"3,054",0.6%,"7,849",0.2%,"4,259",-6.6%,"17,413",3.2%,"10,792",0.9%,812,-2.2%,"6,454",1.5%,509,-10.1%,"1,370",-3.1%,399,2.8%,"4,924",27.6%,"7,161",10.1%,"-2,238",-15.5%,,
1999,4,"116,912",4.5%,"112,206",3.5%,"1,276",2.4%,178,-5.2%,"21,242",2.7%,"3,631",5.3%,"2,823",3.7%,490,6.7%,"5,812",5.5%,"17,578",6.7%,"6,016",2.2%,"8,974",-2.7%,"2,482",2.0%,"9,063",16.1%,"4,397",-1.7%,"17,372",2.3%,"10,916",2.3%,820,-1.5%,"6,495",1.4%,519,-1.4%,"1,367",-0.9%,402,2.8%,"4,707",37.5%,"6,944",14.4%,"-2,238",-15.5%,,
2000,1,"114,441",5.6%,"109,186",5.0%,"1,298",8.3%,172,-1.0%,"20,021",1.7%,"3,679",6.2%,"2,664",2.6%,491,1.5%,"5,369",4.7%,"14,484",6.7%,"5,175",2.1%,"9,174",3.6%,"2,831",3.0%,"9,784",21.4%,"4,649",8.3%,"17,400",1.5%,"10,973",3.0%,825,0.5%,"6,595",3.6%,672,36.7%,"1,379",1.2%,404,2.6%,"5,255",21.0%,"7,451",13.2%,"-2,196",-1.9%,,
2000,2,"116,632",5.5%,"111,856",5.0%,"1,283",9.7%,181,0.6%,"20,543",0.9%,"3,659",4.9%,"2,853",2.3%,483,-3.4%,"5,884",3.0%,"15,357",7.1%,"5,370",3.6%,"9,418",5.2%,"2,762",4.0%,"9,500",16.2%,"4,812",13.9%,"17,521",1.7%,"11,098",3.7%,823,1.4%,"6,715",4.6%,826,65.8%,"1,390",1.9%,407,2.5%,"4,776",18.4%,"6,972",11.2%,"-2,196",-1.9%,,
2000,3,"118,096",5.8%,"112,470",5.4%,"1,229",-1.2%,178,-4.1%,"20,500",1.8%,"3,646",3.6%,"2,633",-5.4%,467,-7.9%,"6,036",3.4%,"15,040",6.6%,"5,302",3.5%,"9,710",7.4%,"3,148",3.1%,"9,277",18.2%,"4,886",14.7%,"17,691",1.6%,"11,221",4.0%,826,1.8%,"6,852",6.2%,971,90.9%,"1,397",2.0%,409,2.5%,"5,627",14.3%,"7,822",9.2%,"-2,196",-1.9%,,
2000,4,"122,371",4.7%,"117,279",4.5%,"1,160",-9.1%,171,-3.9%,"22,122",4.1%,"3,778",4.0%,"2,861",1.4%,470,-4.0%,"5,995",3.1%,"18,031",2.6%,"6,110",1.6%,"9,571",6.7%,"2,533",2.0%,"9,672",6.7%,"4,866",10.7%,"18,095",4.2%,"11,372",4.2%,837,2.0%,"6,955",7.1%,766,47.5%,"1,391",1.8%,411,2.4%,"5,092",8.2%,"7,288",4.9%,"-2,196",-1.9%,,
2001,1,"118,942",3.9%,"113,551",4.0%,"1,093",-15.8%,177,2.6%,"21,572",7.7%,"4,103",11.5%,"2,848",6.9%,486,-1.0%,"5,534",3.1%,"15,174",4.8%,"5,447",5.2%,"9,667",5.4%,"3,025",6.9%,"8,598",-12.1%,"4,739",1.9%,"18,583",6.8%,"11,618",5.9%,849,2.9%,"7,185",8.9%,566,-15.8%,"1,421",3.1%,414,2.3%,"5,392",2.6%,"7,772",4.3%,"-2,380",8.4%,,
2001,2,"121,012",3.8%,"116,454",4.1%,"1,122",-12.6%,183,1.5%,"22,543",9.7%,"4,308",17.8%,"3,016",5.7%,490,1.3%,"6,113",3.9%,"16,119",5.0%,"5,664",5.5%,"9,979",6.0%,"2,860",3.5%,"8,448",-11.1%,"4,599",-4.4%,"18,983",8.3%,"11,557",4.1%,845,2.6%,"7,168",6.8%,562,-32.0%,"1,454",4.6%,415,2.1%,"4,558",-4.6%,"6,938",-0.5%,"-2,380",8.4%,,
2001,3,"120,822",2.3%,"115,621",2.8%,"1,106",-10.0%,184,3.2%,"21,973",7.2%,"4,269",17.1%,"2,951",12.1%,499,7.0%,"6,239",3.4%,"15,492",3.0%,"5,563",4.9%,"10,086",3.9%,"3,279",4.2%,"8,074",-13.0%,"4,430",-9.3%,"19,001",7.4%,"11,720",4.4%,853,3.3%,"7,276",6.2%,572,-41.1%,"1,469",5.2%,416,1.7%,"5,201",-7.6%,"7,581",-3.1%,"-2,380",8.4%,,
2001,4,"122,861",0.4%,"118,165",0.8%,"1,133",-2.3%,180,5.2%,"22,740",2.8%,"4,346",15.0%,"2,612",-8.7%,499,6.1%,"6,088",1.5%,"18,201",0.9%,"6,294",3.0%,"9,942",3.9%,"2,645",4.5%,"8,470",-12.4%,"4,220",-13.3%,"18,824",4.0%,"11,830",4.0%,868,3.7%,"7,422",6.7%,590,-23.0%,"1,483",6.6%,418,1.5%,"4,696",-7.8%,"7,076",-2.9%,"-2,380",8.4%,,
2002,1,"118,194",-0.6%,"113,327",-0.2%,"1,140",4.3%,178,0.6%,"21,669",0.4%,"4,657",13.5%,"2,314",-18.8%,504,3.7%,"5,707",3.1%,"15,395",1.5%,"5,553",2.0%,"9,801",1.4%,"3,051",0.9%,"8,166",-5.0%,"3,951",-16.6%,"18,561",-0.1%,"11,981",3.1%,873,2.8%,"7,458",3.8%,653,15.5%,"1,508",6.1%,418,1.0%,"4,867",-9.7%,"7,413",-4.6%,"-2,547",7.0%,,
2002,2,"120,601",-0.3%,"116,222",-0.2%,"1,139",1.5%,185,0.9%,"23,013",2.1%,"4,871",13.1%,"2,455",-18.6%,509,4.0%,"6,314",3.3%,"16,399",1.7%,"5,605",-1.0%,"10,297",3.2%,"2,830",-1.0%,"7,832",-7.3%,"3,873",-15.8%,"18,295",-3.6%,"11,982",3.7%,861,2.0%,"7,532",5.1%,726,29.2%,"1,563",7.6%,418,0.6%,"4,379",-3.9%,"6,926",-0.2%,"-2,547",7.0%,,
2002,3,"120,577",-0.2%,"116,035",0.4%,"1,138",2.9%,183,-0.4%,"22,572",2.7%,"4,823",13.0%,"2,412",-18.3%,510,2.2%,"6,420",2.9%,"15,980",3.1%,"5,509",-1.0%,"10,397",3.1%,"3,175",-3.2%,"7,788",-3.5%,"3,976",-10.3%,"18,132",-4.6%,"12,147",3.6%,855,0.2%,"7,636",4.9%,706,23.5%,"1,589",8.2%,418,0.4%,"4,541",-12.7%,"7,088",-6.5%,"-2,547",7.0%,,
2002,4,"122,706",-0.1%,"118,327",0.1%,"1,084",-4.3%,173,-3.8%,"23,173",1.9%,"4,777",9.9%,"2,267",-13.2%,508,1.8%,"6,366",4.6%,"18,487",1.6%,"6,257",-0.6%,"10,246",3.0%,"2,533",-4.3%,"8,104",-4.3%,"4,275",1.3%,"17,740",-5.8%,"12,174",2.9%,856,-1.4%,"7,667",3.3%,693,17.5%,"1,562",5.3%,418,0.2%,"4,379",-6.7%,"6,926",-2.1%,"-2,547",7.0%,,
2003,1,"118,689",0.4%,"114,003",0.6%,978,-14.2%,162,-8.8%,"21,934",1.2%,"4,948",6.3%,"2,181",-5.7%,524,4.1%,"5,792",1.5%,"15,923",3.4%,"5,609",1.0%,"9,876",0.8%,"2,862",-6.2%,"7,777",-4.8%,"4,813",21.8%,"17,706",-4.6%,"12,246",2.2%,838,-4.0%,"7,734",3.7%,683,4.5%,"1,556",3.2%,418,0.0%,"4,686",-3.7%,"7,339",-1.0%,"-2,654",4.2%,,
2003,2,"120,998",0.3%,"116,543",0.3%,981,-13.9%,173,-6.4%,"22,542",-2.0%,"5,062",3.9%,"2,218",-9.6%,513,0.7%,"6,347",0.5%,"16,624",1.4%,"5,806",3.6%,"10,142",-1.5%,"2,605",-7.9%,"8,061",2.9%,"5,151",33.0%,"17,607",-3.8%,"12,257",2.3%,826,-4.1%,"7,817",3.8%,698,-3.8%,"1,564",0.0%,418,-0.1%,"4,454",1.7%,"7,108",2.6%,"-2,654",4.2%,,
2003,3,"121,969",1.2%,"117,478",1.2%,"1,023",-10.1%,176,-3.8%,"22,473",-0.4%,"5,051",4.7%,"2,203",-8.7%,498,-2.3%,"6,414",-0.1%,"16,429",2.8%,"5,667",2.9%,"10,104",-2.8%,"2,950",-7.1%,"8,309",6.7%,"5,302",33.4%,"17,641",-2.7%,"12,435",2.4%,816,-4.6%,"7,984",4.6%,723,2.3%,"1,582",-0.5%,418,-0.1%,"4,491",-1.1%,"7,145",0.8%,"-2,654",4.2%,,
2003,4,"125,951",2.6%,"121,452",2.6%,"1,099",1.4%,169,-2.2%,"23,577",1.7%,"5,160",8.0%,"1,999",-11.8%,507,-0.2%,"6,407",0.6%,"19,182",3.8%,"6,353",1.5%,"10,084",-1.6%,"2,352",-7.1%,"8,933",10.2%,"5,269",23.2%,"17,793",0.3%,"12,495",2.6%,812,-5.2%,"8,030",4.7%,748,7.9%,"1,577",1.0%,419,0.2%,"4,499",2.7%,"7,153",3.3%,"-2,654",4.2%,,
2004,1,"122,694",3.4%,"117,874",3.4%,"1,165",19.0%,168,3.6%,"22,526",2.7%,"5,391",9.0%,"1,827",-16.2%,538,2.7%,"5,755",-0.6%,"17,047",7.1%,"5,694",1.5%,"10,055",1.8%,"2,685",-6.2%,"8,822",13.4%,"5,041",4.7%,"17,932",1.3%,"12,464",1.8%,790,-5.7%,"8,084",4.5%,941,37.8%,"1,612",3.6%,420,0.6%,"4,820",2.9%,"7,499",2.2%,"-2,679",0.9%,,
2004,2,"125,775",3.9%,"120,893",3.7%,"1,188",21.1%,178,2.9%,"23,435",4.0%,"5,456",7.8%,"1,955",-11.9%,542,5.7%,"6,185",-2.6%,"18,099",8.9%,"5,779",-0.5%,"10,469",3.2%,"2,548",-2.2%,"8,574",6.4%,"4,892",-5.0%,"18,109",2.8%,"12,515",2.1%,772,-6.6%,"8,253",5.6%,"1,131",62.0%,"1,625",3.9%,422,1.1%,"4,881",9.6%,"7,560",6.4%,"-2,679",0.9%,,
2004,3,"125,087",2.6%,"120,612",2.7%,"1,175",14.8%,185,5.2%,"22,905",1.9%,"5,348",5.9%,"2,045",-7.2%,561,12.6%,"6,434",0.3%,"17,371",5.7%,"5,611",-1.0%,"10,536",4.3%,"2,868",-2.8%,"8,286",-0.3%,"4,805",-9.4%,"18,358",4.1%,"12,581",1.2%,768,-5.8%,"8,353",4.6%,"1,320",82.6%,"1,636",3.4%,424,1.5%,"4,474",-0.4%,"7,153",0.1%,"-2,679",0.9%,,
2004,4,"128,710",2.2%,"123,749",1.9%,"1,169",6.4%,181,7.3%,"23,848",1.1%,"5,335",3.4%,"1,990",-0.4%,595,17.3%,"6,482",1.2%,"19,892",3.7%,"6,290",-1.0%,"10,397",3.1%,"2,298",-2.3%,"8,690",-2.7%,"4,768",-9.5%,"18,567",4.4%,"12,651",1.2%,773,-4.8%,"8,309",3.5%,"1,085",45.1%,"1,625",3.1%,427,1.8%,"4,961",10.3%,"7,640",6.8%,"-2,679",0.9%,,
2005,1,"125,316",2.1%,"120,493",2.2%,"1,118",-4.0%,180,7.1%,"22,864",1.5%,"5,511",2.2%,"2,077",13.7%,563,4.7%,"5,788",0.6%,"17,547",2.9%,"5,678",-0.3%,"10,419",3.6%,"2,738",2.0%,"8,850",0.3%,"4,773",-5.3%,"18,734",4.5%,"12,759",2.4%,779,-1.4%,"8,378",3.6%,859,-8.7%,"1,638",1.6%,429,2.1%,"4,823",0.1%,"7,570",0.9%,"-2,747",2.6%,,
2005,2,"129,751",3.2%,"124,983",3.4%,"1,068",-10.1%,194,9.0%,"24,681",5.3%,"5,685",4.2%,"1,947",-0.4%,525,-3.2%,"6,574",6.3%,"18,891",4.4%,"5,905",2.2%,"10,980",4.9%,"2,520",-1.1%,"8,975",4.7%,"4,819",-1.5%,"18,972",4.8%,"12,743",1.8%,780,1.1%,"8,360",1.3%,867,-23.3%,"1,655",1.8%,432,2.4%,"4,768",-2.3%,"7,515",-0.6%,"-2,747",2.6%,,
2005,3,"130,697",4.5%,"125,710",4.2%,"1,049",-10.7%,192,4.0%,"24,357",6.3%,"5,691",6.4%,"2,007",-1.8%,569,1.4%,"6,761",5.1%,"18,607",7.1%,"5,781",3.0%,"10,823",2.7%,"2,971",3.6%,"9,283",12.0%,"4,906",2.1%,"19,155",4.3%,"12,764",1.5%,779,1.4%,"8,487",1.6%,884,-33.0%,"1,680",2.7%,435,2.6%,"4,987",11.5%,"7,734",8.1%,"-2,747",2.6%,,
2005,4,"135,085",5.0%,"130,281",5.3%,"1,028",-12.1%,188,3.9%,"25,594",7.3%,"5,825",9.2%,"2,042",2.6%,585,-1.7%,"6,832",5.4%,"21,476",8.0%,"6,472",2.9%,"10,747",3.4%,"2,399",4.4%,"10,012",15.2%,"5,041",5.7%,"19,236",3.6%,"12,814",1.3%,786,1.6%,"8,489",2.2%,889,-18.1%,"1,686",3.7%,437,2.3%,"4,803",-3.2%,"7,550",-1.2%,"-2,747",2.6%,,
2006,1,"133,722",6.7%,"128,271",6.5%,"1,019",-8.9%,179,-0.5%,"25,127",9.9%,"6,132",11.3%,"2,053",-1.1%,602,6.8%,"6,038",4.3%,"19,265",9.8%,"5,746",1.2%,"10,699",2.7%,"2,844",3.9%,"10,195",15.2%,"5,235",9.7%,"19,565",4.4%,"13,002",1.9%,785,0.8%,"8,519",1.7%,"1,005",17.0%,"1,701",3.9%,438,2.0%,"5,452",13.0%,"8,202",8.3%,"-2,750",0.1%,,
2006,2,"137,577",6.0%,"132,387",5.9%,"1,019",-4.6%,185,-4.7%,"26,328",6.7%,"6,316",11.1%,"2,211",13.6%,633,20.6%,"6,665",1.4%,"20,637",9.2%,"5,963",1.0%,"11,118",1.3%,"2,680",6.3%,"10,248",14.2%,"5,448",13.1%,"19,712",3.9%,"12,882",1.1%,779,-0.2%,"8,586",2.7%,"1,092",25.9%,"1,723",4.1%,441,2.0%,"5,190",8.9%,"7,940",5.7%,"-2,750",0.1%,,
2006,3,"138,973",6.3%,"133,580",6.3%,"1,060",1.1%,190,-1.3%,"26,280",7.9%,"6,401",12.5%,"2,279",13.5%,647,13.7%,"6,790",0.4%,"20,494",10.1%,"5,865",1.5%,"11,110",2.7%,"3,093",4.1%,"10,022",8.0%,"5,700",16.2%,"20,059",4.7%,"13,101",2.6%,784,0.6%,"8,739",3.0%,"1,046",18.3%,"1,745",3.9%,442,1.7%,"5,393",8.1%,"8,143",5.3%,"-2,750",0.1%,,
2006,4,"143,450",6.2%,"138,637",6.4%,"1,073",4.3%,191,1.2%,"27,899",9.0%,"6,575",12.9%,"2,178",6.7%,648,10.9%,"6,860",0.4%,"23,077",7.5%,"6,473",0.0%,"11,184",4.1%,"2,488",3.7%,"10,827",8.1%,"6,014",19.3%,"20,208",5.1%,"13,255",3.4%,814,3.6%,"8,740",3.0%,987,10.9%,"1,751",3.8%,446,2.1%,"4,813",0.2%,"7,563",0.2%,"-2,750",0.1%,,
2007,1,"141,772",6.0%,"135,966",6.0%,"1,090",7.0%,185,3.3%,"26,999",7.5%,"6,793",10.8%,"2,081",1.3%,668,11.1%,"6,165",2.1%,"20,740",7.7%,"5,896",2.6%,"11,010",2.9%,"2,902",2.0%,"11,008",8.0%,"6,421",22.7%,"20,569",5.1%,"13,410",3.1%,825,5.2%,"8,724",2.4%,939,-6.6%,"1,780",4.6%,450,2.7%,"5,806",6.5%,"8,503",3.7%,"-2,697",-1.9%,,
2007,2,"146,917",6.8%,"141,268",6.7%,"1,105",8.5%,194,4.6%,"28,566",8.5%,"6,934",9.8%,"2,299",4.0%,676,6.8%,"6,667",0.0%,"22,093",7.1%,"6,087",2.1%,"11,370",2.3%,"2,822",5.3%,"11,591",13.1%,"6,667",22.4%,"20,946",6.3%,"13,456",4.5%,823,5.7%,"8,801",2.5%,949,-13.1%,"1,788",3.8%,454,3.1%,"5,649",8.8%,"8,346",5.1%,"-2,697",-1.9%,,
2007,3,"148,196",6.6%,"142,506",6.7%,"1,163",9.7%,196,3.4%,"28,363",7.9%,"6,901",7.8%,"2,468",8.3%,669,3.4%,"6,871",1.2%,"22,040",7.5%,"6,022",2.7%,"11,413",2.7%,"3,272",5.8%,"11,425",14.0%,"6,772",18.8%,"21,302",6.2%,"13,627",4.0%,835,6.5%,"8,860",1.4%,966,-7.7%,"1,802",3.3%,462,4.4%,"5,690",5.5%,"8,387",3.0%,"-2,697",-1.9%,,
2007,4,"152,200",6.1%,"147,017",6.0%,"1,195",11.5%,187,-1.7%,"29,553",5.9%,"6,824",3.8%,"2,226",2.2%,657,1.3%,"7,066",3.0%,"24,890",7.9%,"6,739",4.1%,"11,524",3.0%,"2,700",8.6%,"11,861",9.6%,"6,730",11.9%,"21,588",6.8%,"13,769",3.9%,849,4.4%,"8,948",2.4%,985,-0.1%,"1,815",3.7%,473,6.0%,"5,183",7.7%,"7,881",4.2%,"-2,697",-1.9%,,
2008,1,"149,463",5.4%,"143,469",5.5%,"1,195",9.6%,179,-3.1%,"28,612",6.0%,"7,087",4.3%,"2,152",3.4%,679,1.6%,"6,414",4.0%,"22,687",9.4%,"6,157",4.4%,"11,470",4.2%,"3,167",9.1%,"10,801",-1.9%,"6,502",1.3%,"21,995",6.9%,"14,122",5.3%,853,3.4%,"9,101",4.3%,"1,213",29.2%,"1,840",3.4%,485,7.9%,"5,994",3.2%,"8,825",3.8%,"-2,831",5.0%,,
2008,2,"155,064",5.5%,"149,299",5.7%,"1,169",5.7%,192,-0.8%,"30,941",8.3%,"7,373",6.3%,"2,279",-0.9%,785,16.1%,"6,923",3.8%,"24,559",11.2%,"6,441",5.8%,"12,061",6.1%,"2,946",4.4%,"10,333",-10.9%,"6,361",-4.6%,"22,545",7.6%,"14,248",5.9%,851,3.4%,"9,311",5.8%,"1,435",51.2%,"1,867",4.4%,493,8.6%,"5,765",2.1%,"8,596",3.0%,"-2,831",5.0%,,
2008,3,"155,505",4.9%,"149,697",5.0%,"1,203",3.4%,184,-6.0%,"30,040",5.9%,"7,089",2.7%,"2,544",3.1%,738,10.2%,"7,137",3.9%,"24,270",10.1%,"6,416",6.5%,"11,979",5.0%,"3,406",4.1%,"10,075",-11.8%,"6,291",-7.1%,"22,955",7.8%,"14,450",6.0%,854,2.3%,"9,525",7.5%,"1,656",71.4%,"1,893",5.0%,498,7.7%,"5,808",2.1%,"8,639",3.0%,"-2,831",5.0%,,
2008,4,"154,376",1.4%,"149,221",1.5%,"1,248",4.4%,188,0.1%,"29,283",-0.9%,"6,660",-2.4%,"2,372",6.6%,613,-6.7%,"7,161",1.3%,"25,699",3.2%,"6,963",3.3%,"11,756",2.0%,"2,773",2.7%,"9,874",-16.8%,"6,286",-6.6%,"23,001",6.5%,"14,689",6.7%,888,4.5%,"9,611",7.4%,"1,379",39.9%,"1,902",4.8%,498,5.4%,"5,155",-0.5%,"7,986",1.3%,"-2,831",5.0%,,
2009,1,"146,798",-1.8%,"141,339",-1.5%,"1,189",-0.5%,190,5.7%,"26,377",-7.8%,"6,673",-5.8%,"2,345",9.0%,616,-9.4%,"6,403",-0.2%,"21,985",-3.1%,"6,201",0.7%,"11,412",-0.5%,"3,077",-2.8%,"9,177",-15.0%,"6,345",-2.4%,"23,169",5.3%,"14,947",5.8%,903,5.8%,"9,689",6.5%,"1,095",-9.8%,"1,928",4.8%,493,1.7%,"5,459",-8.9%,"8,466",-4.1%,"-3,007",6.2%,,
2009,2,"149,639",-3.5%,"144,646",-3.1%,"1,102",-5.7%,203,5.6%,"26,931",-13.0%,"6,837",-7.3%,"2,693",18.2%,598,-23.8%,"6,985",0.9%,"23,087",-6.0%,"6,490",0.8%,"11,823",-2.0%,"2,861",-2.9%,"9,445",-8.6%,"6,382",0.3%,"23,328",3.5%,"14,977",5.1%,890,4.6%,"9,785",5.1%,"1,113",-22.4%,"1,950",4.4%,490,-0.6%,"4,994",-13.4%,"8,001",-6.9%,"-3,007",6.2%,,
2009,3,"151,772",-2.4%,"146,378",-2.2%,"1,047",-12.9%,207,12.1%,"26,833",-10.7%,"6,843",-3.5%,"2,670",5.0%,614,-16.8%,"7,323",2.6%,"23,165",-4.6%,"6,425",0.1%,"12,045",0.6%,"3,387",-0.6%,"9,706",-3.7%,"6,401",1.7%,"23,417",2.0%,"15,216",5.3%,880,3.0%,"9,909",4.0%,"1,114",-32.7%,"1,955",3.3%,489,-1.8%,"5,394",-7.1%,"8,401",-2.8%,"-3,007",6.2%,,
2009,4,"154,829",0.3%,"149,452",0.2%,"1,019",-18.3%,198,5.6%,"27,798",-5.1%,"6,847",2.8%,"2,308",-2.7%,603,-1.6%,"7,314",2.1%,"26,259",2.2%,"7,172",3.0%,"11,917",1.4%,"2,735",-1.4%,"9,746",-1.3%,"6,404",1.9%,"23,448",1.9%,"15,352",4.5%,873,-1.7%,"9,954",3.6%,"1,106",-19.8%,"1,932",1.6%,488,-2.1%,"5,377",4.3%,"8,384",5.0%,"-3,007",6.2%,,
2010,1,"151,801",3.4%,"146,032",3.3%,"1,038",-12.7%,195,2.5%,"26,869",1.9%,"7,042",5.5%,"2,374",1.3%,616,0.0%,"6,656",4.0%,"24,114",9.7%,"6,452",4.0%,"11,861",3.9%,"3,113",1.2%,"9,439",2.9%,"6,392",0.7%,"23,683",2.2%,"15,343",2.6%,850,-5.8%,"9,888",2.1%,"1,180",7.8%,"1,936",0.4%,487,-1.3%,"5,769",5.7%,"8,788",3.8%,"-3,018",0.4%,,
2010,2,"155,869",4.2%,"150,291",3.9%,"1,026",-6.9%,207,1.9%,"28,096",4.3%,"7,090",3.7%,"2,393",-11.2%,657,9.9%,"7,396",5.9%,"25,430",10.1%,"6,636",2.2%,"12,404",4.9%,"2,971",3.8%,"9,545",1.1%,"6,421",0.6%,"23,902",2.5%,"15,337",2.4%,839,-5.8%,"9,985",2.0%,"1,254",12.7%,"1,943",-0.4%,485,-1.0%,"5,577",11.7%,"8,596",7.4%,"-3,018",0.4%,,
2010,3,"156,547",3.1%,"150,974",3.1%,"1,031",-1.5%,231,11.5%,"27,820",3.7%,"6,786",-0.8%,"2,448",-8.3%,611,-0.4%,"7,636",4.3%,"25,517",10.2%,"6,621",3.1%,"12,568",4.3%,"3,439",1.5%,"8,953",-7.8%,"6,495",1.5%,"24,054",2.7%,"15,576",2.4%,852,-3.1%,"10,112",2.0%,"1,181",6.0%,"1,965",0.5%,484,-1.0%,"5,572",3.3%,"8,591",2.3%,"-3,018",0.4%,,
2010,4,"160,328",3.6%,"154,746",3.5%,"1,045",2.6%,216,9.2%,"28,986",4.3%,"6,612",-3.4%,"2,426",5.1%,615,2.0%,"7,781",6.4%,"27,734",5.6%,"7,240",1.0%,"12,462",4.6%,"2,814",2.9%,"9,421",-3.3%,"6,622",3.4%,"24,239",3.4%,"15,716",2.4%,880,0.8%,"10,231",2.8%,"1,093",-1.2%,"1,983",2.7%,482,-1.1%,"5,583",3.8%,"8,601",2.6%,"-3,018",0.4%,,
2011,1,"156,064",2.8%,"150,330",2.9%,"1,085",4.6%,201,3.1%,"28,379",5.6%,"6,692",-5.0%,"2,247",-5.3%,657,6.8%,"7,089",6.5%,"24,051",-0.3%,"6,333",-1.8%,"12,301",3.7%,"3,171",1.8%,"9,371",-0.7%,"6,815",6.6%,"24,527",3.6%,"15,744",2.6%,906,6.6%,"10,265",3.8%,"1,028",-12.9%,"2,013",4.0%,479,-1.5%,"5,734",-0.6%,"8,968",2.1%,"-3,234",7.1%,,
2011,2,"159,696",2.5%,"153,935",2.4%,"1,104",7.6%,207,-0.2%,"29,340",4.4%,"6,576",-7.2%,"2,272",-5.0%,648,-1.4%,"7,784",5.3%,"25,058",-1.5%,"6,589",-0.7%,"12,655",2.0%,"3,029",1.9%,"9,213",-3.5%,"6,967",8.5%,"24,834",3.9%,"15,860",3.4%,918,9.5%,"10,492",5.1%,"1,023",-18.4%,"2,052",5.6%,479,-1.2%,"5,761",3.3%,"8,995",4.6%,"-3,234",7.1%,,
2011,3,"158,611",1.3%,"153,006",1.3%,"1,061",2.8%,214,-7.3%,"28,529",2.5%,"6,297",-7.2%,"2,401",-1.9%,626,2.4%,"7,959",4.2%,"23,856",-6.5%,"6,293",-4.9%,"12,748",1.4%,"3,444",0.2%,"8,866",-1.0%,"7,090",9.2%,"25,044",4.1%,"16,031",2.9%,935,9.7%,"10,630",5.1%,"1,020",-13.6%,"2,069",5.3%,482,-0.4%,"5,606",0.6%,"8,840",2.9%,"-3,234",7.1%,,
2011,4,"161,368",0.6%,"156,136",0.9%,"1,052",0.7%,210,-3.1%,"29,420",1.5%,"6,318",-4.5%,"2,396",-1.2%,595,-3.2%,"7,960",2.3%,"26,450",-4.6%,"6,931",-4.3%,"12,662",1.6%,"2,800",-0.5%,"8,983",-4.6%,"7,192",8.6%,"25,048",3.3%,"16,092",2.4%,950,8.0%,"10,753",5.1%,"1,008",-7.7%,"2,078",4.8%,488,1.1%,"5,231",-6.3%,"8,465",-1.6%,"-3,234",7.1%,,
2012,1,"157,861",1.2%,"152,144",1.2%,"1,022",-5.8%,190,-5.1%,"28,059",-1.1%,"6,468",-3.3%,"2,376",5.7%,567,-13.7%,"7,168",1.1%,"23,913",-0.6%,"6,268",-1.0%,"12,541",2.0%,"3,071",-3.1%,"9,001",-3.9%,"7,279",6.8%,"25,232",2.9%,"16,061",2.0%,938,3.6%,"10,898",6.2%,"1,275",24.1%,"2,057",2.2%,495,3.3%,"5,717",-0.3%,"9,226",2.9%,"-3,509",8.5%,,
2012,2,"160,765",0.7%,"155,471",1.0%,"1,029",-6.7%,212,2.8%,"28,564",-2.6%,"6,548",-0.4%,"2,552",12.3%,541,-16.5%,"7,863",1.0%,"24,908",-0.6%,"6,426",-2.5%,"12,994",2.7%,"2,926",-3.4%,"9,078",-1.5%,"7,352",5.5%,"25,349",2.1%,"16,071",1.3%,922,0.4%,"11,023",5.1%,"1,541",50.6%,"2,046",-0.3%,499,4.2%,"5,293",-8.1%,"8,802",-2.1%,"-3,509",8.5%,,
2012,3,"160,827",1.4%,"155,913",1.9%,"1,009",-4.9%,213,-0.6%,"28,248",-1.0%,"6,612",5.0%,"2,624",9.3%,519,-17.1%,"8,057",1.2%,"24,174",1.3%,"6,228",-1.0%,"13,061",2.5%,"3,323",-3.5%,"9,100",2.6%,"7,413",4.6%,"25,540",2.0%,"16,188",1.0%,925,-1.0%,"11,180",5.2%,"1,789",75.3%,"2,051",-0.9%,501,3.9%,"4,914",-12.3%,"8,423",-4.7%,"-3,509",8.5%,,
2012,4,"164,193",1.8%,"159,042",1.9%,"1,024",-2.6%,211,0.9%,"29,256",-0.6%,"6,670",5.6%,"2,516",5.0%,523,-12.1%,"8,102",1.8%,"26,795",1.3%,"6,856",-1.1%,"13,031",2.9%,"2,781",-0.7%,"9,286",3.4%,"7,455",3.7%,"25,598",2.2%,"16,254",1.0%,940,-1.1%,"11,306",5.1%,"1,391",37.9%,"2,072",-0.3%,500,2.5%,"5,151",-1.5%,"8,660",2.3%,"-3,509",8.5%,,
2013,1,"159,036",0.7%,"153,640",1.0%,"1,042",2.0%,199,4.6%,"27,973",-0.3%,"6,870",6.2%,"2,546",7.2%,548,-3.5%,"7,336",2.3%,"23,316",-2.5%,"6,095",-2.8%,"12,614",0.6%,"3,110",1.3%,"9,436",4.8%,"7,471",2.6%,"25,835",2.4%,"16,313",1.6%,945,0.8%,"11,367",4.3%,"1,002",-21.4%,"2,094",1.8%,492,-0.7%,"5,396",-5.6%,"8,931",-3.2%,"-3,535",0.7%,,
2013,2,"164,193",2.1%,"158,609",2.0%,"1,058",2.7%,221,4.1%,"29,440",3.1%,"7,041",7.5%,"2,550",-0.1%,555,2.6%,"8,110",3.1%,"24,801",-0.4%,"6,403",-0.4%,"13,204",1.6%,"2,985",2.0%,"9,614",5.9%,"7,476",1.7%,"26,200",3.4%,"16,375",1.9%,952,3.3%,"11,449",3.9%,999,-35.2%,"2,129",4.0%,489,-2.1%,"5,584",5.5%,"9,119",3.6%,"-3,535",0.7%,,
2013,3,"164,159",2.1%,"158,899",1.9%,"1,099",9.0%,217,2.1%,"29,163",3.2%,"6,907",4.5%,"2,487",-5.2%,561,8.1%,"8,284",2.8%,"24,339",0.7%,"6,267",0.6%,"13,145",0.6%,"3,482",4.8%,"9,322",2.4%,"7,462",0.7%,"26,660",4.4%,"16,592",2.5%,967,4.5%,"11,521",3.1%,991,-44.6%,"2,117",3.2%,490,-2.1%,"5,259",7.0%,"8,794",4.4%,"-3,535",0.7%,,
2013,4,"167,224",1.8%,"162,203",2.0%,"1,138",11.1%,215,1.5%,"29,949",2.4%,"6,759",1.3%,"2,418",-3.9%,573,9.6%,"8,360",3.2%,"27,041",0.9%,"6,967",1.6%,"13,042",0.1%,"2,866",3.0%,"9,384",1.1%,"7,421",-0.5%,"26,822",4.8%,"16,760",3.1%,993,5.6%,"11,614",2.7%,987,-29.0%,"2,124",2.5%,496,-0.7%,"5,021",-2.5%,"8,556",-1.2%,"-3,535",0.7%,,
2014,1,"162,486",2.2%,"156,945",2.2%,"1,184",13.6%,197,-1.2%,"28,536",2.0%,"6,783",-1.3%,"2,135",-16.1%,581,6.0%,"7,662",4.4%,"23,663",1.5%,"6,118",0.4%,"12,865",2.0%,"3,182",2.3%,"9,124",-3.3%,"7,342",-1.7%,"27,096",4.9%,"16,771",2.8%,997,5.5%,"11,688",2.8%,"1,297",29.4%,"2,119",1.2%,505,2.7%,"5,541",2.7%,"9,058",1.4%,"-3,517",-0.5%,,
2014,2,"166,446",1.4%,"161,121",1.6%,"1,210",14.4%,205,-7.0%,"29,354",-0.3%,"6,839",-2.9%,"2,219",-13.0%,588,5.9%,"8,298",2.3%,"25,387",2.4%,"6,488",1.3%,"13,358",1.2%,"3,044",2.0%,"9,044",-5.9%,"7,310",-2.2%,"27,386",4.5%,"16,762",2.4%,997,4.7%,"11,666",1.9%,"1,609",61.0%,"2,170",2.0%,513,4.8%,"5,325",-4.6%,"8,842",-3.0%,"-3,517",-0.5%,,
2014,3,"166,663",1.5%,"161,135",1.4%,"1,198",9.0%,201,-7.4%,"29,029",-0.5%,"6,834",-1.1%,"2,280",-8.3%,592,5.6%,"8,463",2.2%,"24,651",1.3%,"6,296",0.5%,"13,458",2.4%,"3,497",0.4%,"8,943",-4.1%,"7,315",-2.0%,"27,743",4.1%,"16,853",1.6%,"1,001",3.5%,"11,851",2.9%,"1,397",41.0%,"2,145",1.3%,518,5.6%,"5,528",5.1%,"9,045",2.8%,"-3,517",-0.5%,,
2014,4,"170,023",1.7%,"164,994",1.7%,"1,126",-1.1%,200,-6.9%,"29,894",-0.2%,"6,907",2.2%,"2,403",-0.6%,587,2.4%,"8,482",1.5%,"27,619",2.1%,"6,988",0.3%,"13,381",2.6%,"2,893",1.0%,"9,225",-1.7%,"7,350",-1.0%,"27,863",3.9%,"17,031",1.6%,"1,011",1.9%,"12,095",4.1%,"1,158",17.4%,"2,146",1.0%,532,7.3%,"5,029",0.1%,"8,546",-0.1%,"-3,517",-0.5%,,
2015,1,"163,789",0.8%,"158,450",1.0%,"1,061",-10.3%,198,0.5%,"28,010",-1.8%,"7,117",4.9%,"2,580",20.8%,571,-1.6%,"7,876",2.8%,"23,631",-0.1%,"6,053",-1.1%,"13,228",2.8%,"3,147",-1.1%,"9,120",0.0%,"7,411",0.9%,"27,929",3.1%,"16,965",1.2%,"1,022",2.5%,"12,079",3.3%,938,-27.7%,"2,150",1.5%,534,5.8%,"5,339",-3.6%,"8,981",-0.9%,"-3,642",3.5%,,
2015,2,"166,771",0.2%,"161,520",0.2%,"1,022",-15.5%,211,2.6%,"28,452",-3.1%,"7,362",7.6%,"2,806",26.5%,576,-2.0%,"8,482",2.2%,"24,907",-1.9%,"6,369",-1.8%,"13,818",3.4%,"2,999",-1.5%,"8,970",-0.8%,"7,470",2.2%,"28,083",2.5%,"16,941",1.1%,"1,022",2.5%,"12,103",3.7%,944,-41.3%,"2,174",0.2%,539,5.2%,"5,252",-1.4%,"8,894",0.6%,"-3,642",3.5%,,
2015,3,"167,124",0.3%,"161,755",0.4%,"1,041",-13.1%,213,5.9%,"28,343",-2.4%,"7,700",12.7%,"2,634",15.5%,573,-3.2%,"8,649",2.2%,"24,394",-1.0%,"6,193",-1.6%,"13,921",3.4%,"3,436",-1.8%,"8,857",-1.0%,"7,526",2.9%,"28,168",1.5%,"17,003",0.9%,"1,027",2.6%,"12,306",3.8%,962,-31.1%,"2,159",0.7%,543,4.9%,"5,370",-2.9%,"9,012",-0.4%,"-3,642",3.5%,,
2015,4,"170,322",0.2%,"165,302",0.2%,"1,060",-5.9%,205,2.8%,"29,548",-1.2%,"8,002",15.8%,"2,495",3.8%,561,-4.3%,"8,682",2.4%,"27,122",-1.8%,"6,856",-1.9%,"13,774",2.9%,"2,796",-3.4%,"9,129",-1.0%,"7,581",3.2%,"28,057",0.7%,"17,133",0.6%,"1,040",2.8%,"12,392",2.5%,984,-15.0%,"2,193",2.2%,549,3.2%,"5,020",-0.2%,"8,662",1.4%,"-3,642",3.5%,,
2016,1,"165,748",1.2%,"160,713",1.4%,"1,092",2.9%,212,7.3%,"28,680",2.4%,"8,243",15.8%,"2,291",-11.2%,571,0.0%,"7,943",0.9%,"23,824",0.8%,"6,011",-0.7%,"13,539",2.3%,"3,093",-1.7%,"8,948",-1.9%,"7,637",3.0%,"28,001",0.3%,"17,147",1.1%,"1,047",2.4%,"12,626",4.5%,"1,331",41.9%,"2,176",1.2%,555,4.0%,"5,035",-5.7%,"8,765",-2.4%,"-3,730",2.4%,,
2016,2,"170,331",2.1%,"164,887",2.1%,"1,110",8.6%,220,4.4%,"29,550",3.9%,"8,433",14.5%,"2,435",-13.2%,600,4.1%,"8,534",0.6%,"25,163",1.0%,"6,294",-1.2%,"14,124",2.2%,"2,928",-2.4%,"8,976",0.1%,"7,670",2.7%,"28,272",0.7%,"17,144",1.2%,"1,045",2.2%,"12,691",4.9%,"1,677",77.6%,"2,184",0.5%,565,4.8%,"5,444",3.7%,"9,174",3.2%,"-3,730",2.4%,,
2016,3,"169,831",1.6%,"164,589",1.8%,"1,139",9.4%,219,3.2%,"29,234",3.1%,"8,517",10.6%,"2,236",-15.1%,585,2.0%,"8,640",-0.1%,"24,327",-0.3%,"6,096",-1.6%,"13,971",0.4%,"3,452",0.5%,"8,895",0.4%,"7,679",2.0%,"28,306",0.5%,"17,218",1.3%,"1,055",2.7%,"12,855",4.5%,"2,017",109.6%,"2,193",1.6%,567,4.4%,"5,242",-2.4%,"8,973",-0.4%,"-3,730",2.4%,,
2016,4,"171,938",0.9%,"167,363",1.2%,"1,119",5.6%,213,3.8%,"30,022",1.6%,"8,679",8.5%,"1,889",-24.3%,580,3.4%,"8,638",-0.5%,"27,199",0.3%,"6,811",-0.7%,"14,008",1.7%,"2,827",1.1%,"9,024",-1.2%,"7,659",1.0%,"28,434",1.3%,"17,357",1.3%,"1,060",2.0%,"12,980",4.7%,"1,574",60.0%,"2,212",0.9%,568,3.4%,"4,575",-8.9%,"8,305",-4.1%,"-3,730",2.4%,,
2017,1,"167,468",1.0%,"162,111",0.9%,"1,078",-1.3%,208,-1.9%,"29,195",1.8%,"8,869",7.6%,"2,036",-11.1%,579,1.3%,"7,899",-0.6%,"24,424",2.5%,"6,010",0.0%,"13,719",1.3%,"3,085",-0.3%,"8,590",-4.0%,"7,599",-0.5%,"28,354",1.3%,"17,316",1.0%,"1,054",0.7%,"13,047",3.3%,"1,141",-14.3%,"2,222",2.1%,564,1.6%,"5,357",6.4%,"9,183",4.8%,"-3,826",2.6%,,
2017,2,"169,979",-0.2%,"165,243",0.2%,"1,056",-4.9%,220,0.1%,"29,882",1.1%,"8,958",6.2%,"2,372",-2.6%,573,-4.4%,"8,509",-0.3%,"25,290",0.5%,"6,220",-1.2%,"14,184",0.4%,"3,062",4.6%,"8,681",-3.3%,"7,605",-0.8%,"28,471",0.7%,"17,302",0.9%,"1,053",0.8%,"13,044",2.8%,"1,173",-30.0%,"2,198",0.7%,568,0.5%,"4,736",-13.0%,"8,562",-6.7%,"-3,826",2.6%,,
2017,3,"171,292",0.9%,"165,616",0.6%,"1,079",-5.2%,221,0.6%,"29,539",1.0%,"9,017",5.9%,"2,446",9.4%,584,-0.2%,"8,631",-0.1%,"24,769",1.8%,"6,028",-1.1%,"14,248",2.0%,"3,518",1.9%,"8,503",-4.4%,"7,675",0.0%,"28,783",1.7%,"17,412",1.1%,"1,070",1.5%,"13,120",2.1%,"1,206",-40.2%,"2,239",2.1%,573,1.0%,"5,675",8.3%,"9,501",5.9%,"-3,826",2.6%,,
2017,4,"175,820",2.3%,"170,635",2.0%,"1,108",-1.0%,224,4.8%,"31,120",3.7%,"9,305",7.2%,"2,174",15.1%,601,3.6%,"8,771",1.5%,"27,877",2.5%,"6,719",-1.4%,"14,299",2.1%,"2,886",2.1%,"9,015",-0.1%,"7,817",2.1%,"28,914",1.7%,"17,590",1.3%,"1,076",1.6%,"13,130",1.2%,"1,213",-22.9%,"2,237",1.1%,583,2.7%,"5,185",13.3%,"9,011",8.5%,"-3,826",2.6%,,
2018,1,"172,422",3.0%,"167,902",3.6%,"1,131",4.8%,227,9.2%,"30,461",4.3%,"9,836",10.9%,"2,400",17.9%,629,8.7%,"8,059",2.0%,"25,072",2.7%,"5,929",-1.3%,"14,085",2.7%,"3,240",5.0%,"9,067",5.6%,"8,045",5.9%,"29,344",3.5%,"17,509",1.1%,"1,071",1.7%,"13,103",0.4%,"1,609",41.0%,"2,251",1.3%,597,5.7%,"4,521",-15.6%,"8,446",-8.0%,"-3,925",2.6%,,
2018,2,"178,903",5.3%,"173,470",5.0%,"1,134",7.3%,237,7.7%,"31,799",6.4%,"10,002",11.7%,"2,751",16.0%,636,10.9%,"8,722",2.5%,"26,458",4.6%,"6,206",-0.2%,"14,743",3.9%,"3,156",3.1%,"9,372",8.0%,"8,163",7.3%,"29,728",4.4%,"17,509",1.2%,"1,061",0.7%,"13,127",0.6%,"2,011",71.5%,"2,280",3.7%,580,2.1%,"5,434",14.7%,"9,359",9.3%,"-3,925",2.6%,,
2018,3,"177,174",3.4%,"171,909",3.8%,"1,142",5.8%,237,7.4%,"30,860",4.5%,"9,928",10.1%,"2,634",7.7%,612,4.8%,"8,820",2.2%,"25,042",1.1%,"5,963",-1.1%,"14,576",2.3%,"3,665",4.2%,"9,311",9.5%,"8,186",6.7%,"30,180",4.9%,"17,561",0.9%,"1,071",0.0%,"13,371",1.9%,"1,749",45.1%,"2,308",3.1%,585,2.1%,"5,265",-7.2%,"9,191",-3.3%,"-3,925",2.6%,,
2018,4,"181,022",3.0%,"175,887",3.1%,"1,161",4.8%,229,2.4%,"32,229",3.6%,"10,104",8.6%,"2,445",12.5%,557,-7.3%,"8,748",-0.3%,"28,225",1.2%,"6,763",0.7%,"14,743",3.1%,"2,950",2.2%,"9,276",2.9%,"8,119",3.9%,"30,367",5.0%,"17,758",1.0%,"1,073",-0.3%,"13,596",3.6%,"1,492",23.0%,"2,333",4.3%,586,0.6%,"5,135",-1.0%,"9,060",0.6%,"-3,925",2.6%,,
2019,1,"175,898",2.0%,"170,653",1.6%,"1,150",1.7%,239,5.2%,"31,345",2.9%,"10,304",4.8%,"2,576",7.3%,502,-20.2%,"8,080",0.3%,"24,289",-3.1%,"5,931",0.0%,"14,413",2.3%,"3,233",-0.2%,"9,364",3.3%,"7,959",-1.1%,"30,557",4.1%,"17,828",1.8%,"1,071",0.0%,"13,862",5.8%,"1,234",-23.3%,"2,369",5.2%,583,-2.3%,"5,245",16.0%,"9,258",9.6%,"-4,013",2.2%,,
2019,2,"179,348",0.2%,"174,555",0.6%,"1,133",0.0%,232,-2.4%,"32,423",2.0%,"10,472",4.7%,"2,716",-1.3%,471,-26.0%,"8,685",-0.4%,"25,549",-3.4%,"6,335",2.1%,"14,896",1.0%,"3,263",3.4%,"9,584",2.3%,"7,831",-4.1%,"30,644",3.1%,"17,824",1.8%,"1,060",-0.1%,"13,975",6.5%,"1,251",-37.8%,"2,400",5.3%,619,6.7%,"4,793",-11.8%,"8,807",-5.9%,"-4,013",2.2%,,
2019,3,"179,056",1.1%,"174,254",1.4%,"1,154",1.0%,230,-3.2%,"31,990",3.7%,"10,562",6.4%,"3,118",18.4%,444,-27.4%,"8,843",0.3%,"24,256",-3.1%,"6,129",2.8%,"15,105",3.6%,"3,757",2.5%,"9,481",1.8%,"7,719",-5.7%,"30,825",2.1%,"18,007",2.5%,"1,077",0.5%,"14,008",4.8%,"1,261",-27.9%,"2,365",2.5%,617,5.5%,"4,802",-8.8%,"8,815",-4.1%,"-4,013",2.2%,,
2019,4,"182,576",0.9%,"177,564",1.0%,"1,207",3.9%,222,-2.8%,"32,732",1.6%,"10,569",4.6%,"2,917",19.3%,435,-22.0%,"9,021",3.1%,"26,795",-5.1%,"6,861",1.4%,"14,998",1.7%,"3,056",3.6%,"9,911",6.8%,"7,607",-6.3%,"31,007",2.1%,"18,250",2.8%,"1,087",1.3%,"14,081",3.6%,"1,251",-16.2%,"2,371",1.6%,616,5.1%,"5,012",-2.4%,"9,025",-0.4%,"-4,013",2.2%,,
2020,1,"174,916",-0.6%,"169,832",-0.5%,"1,224",6.4%,221,-7.5%,"31,444",0.3%,"10,869",5.5%,"2,938",14.0%,454,-9.6%,"8,243",2.0%,"22,716",-6.5%,"5,804",-2.1%,"14,500",0.6%,"2,723",-15.8%,"9,895",5.7%,"7,484",-6.0%,"30,923",1.2%,"18,368",3.0%,"1,000",-6.7%,"13,873",0.1%,"1,059",-14.2%,"2,202",-7.0%,566,-2.9%,"5,084",-3.1%,"9,208",-0.5%,"-4,125",2.8%,,
2020,2,"164,952",-8.0%,"160,713",-7.9%,"1,214",7.1%,224,-3.2%,"28,870",-11.0%,"10,787",3.0%,"2,935",8.1%,459,-2.5%,"8,349",-3.9%,"23,056",-9.8%,"6,031",-4.8%,"12,689",-14.8%,862,-73.6%,"9,418",-1.7%,"7,334",-6.3%,"29,997",-2.1%,"18,341",2.9%,793,-25.2%,"13,328",-4.6%,428,-65.8%,"1,992",-17.0%,424,-31.4%,"4,239",-11.6%,"8,364",-5.0%,"-4,125",2.8%,,
2020,3,"176,351",-1.5%,"171,447",-1.6%,"1,239",7.4%,232,1.0%,"30,899",-3.4%,"10,243",-3.0%,"2,930",-6.0%,464,4.6%,"9,099",2.9%,"23,956",-1.2%,"6,120",-0.2%,"14,200",-6.0%,"2,783",-25.9%,"9,321",-1.7%,"7,147",-7.4%,"31,200",1.2%,"18,410",2.2%,"1,070",-0.6%,"14,504",3.5%,"1,117",-11.4%,"2,313",-2.2%,562,-8.8%,"4,904",2.1%,"9,029",2.4%,"-4,125",2.8%,,
2020,4,"180,401",-1.2%,"175,707",-1.0%,"1,238",2.6%,233,4.5%,"32,696",-0.1%,"10,299",-2.6%,"2,638",-9.6%,483,11.0%,"9,146",1.4%,"27,656",3.2%,"6,886",0.4%,"13,687",-8.7%,"1,690",-44.7%,"9,633",-2.8%,"6,912",-9.1%,"31,533",1.7%,"18,661",2.3%,"1,079",-0.7%,"14,628",3.9%,897,-28.3%,"2,342",-1.2%,557,-9.6%,"4,694",-6.3%,"8,819",-2.3%,"-4,125",2.8%,,
2021,1,"176,785",1.1%,"171,685",1.1%,"1,148",-6.2%,242,9.6%,"33,977",8.1%,"12,095",11.3%,"2,244",-23.6%,502,10.6%,"8,484",2.9%,"24,521",7.9%,"5,956",2.6%,"13,571",-6.4%,944,-65.3%,"9,903",0.1%,"6,579",-12.1%,"31,686",2.5%,"18,822",2.5%,"1,007",0.7%,"14,485",4.4%,774,-26.9%,"2,297",4.3%,499,-11.9%,"5,101",0.3%,"9,278",0.8%,"-4,178",1.3%,,
2021,2,"185,235",12.3%,"179,871",11.9%,"1,156",-4.7%,261,16.2%,"36,015",24.7%,"13,055",21.0%,"2,034",-30.7%,509,11.1%,"9,082",8.8%,"27,258",18.2%,"6,536",8.4%,"14,003",10.4%,"1,583",83.7%,"10,237",8.7%,"6,444",-12.1%,"32,485",8.3%,"18,796",2.5%,"1,049",32.3%,"14,500",8.8%,"1,495",249.2%,"2,415",21.2%,547,29.0%,"5,364",26.5%,"9,542",14.1%,"-4,178",1.3%,,
2021,3,"188,923",7.1%,"183,588",7.1%,"1,181",-4.7%,252,8.9%,"36,030",16.6%,"13,262",29.5%,"2,118",-27.7%,513,10.5%,"9,347",2.7%,"26,247",9.6%,"6,171",0.8%,"14,759",3.9%,"2,908",4.5%,"10,316",10.7%,"6,478",-9.4%,"33,411",7.1%,"19,006",3.2%,"1,088",1.6%,"14,843",2.3%,"2,000",79.0%,"2,508",8.4%,584,3.9%,"5,334",8.8%,"9,512",5.3%,"-4,178",1.3%,,
2021,4,"194,124",7.6%,"189,028",7.6%,"1,191",-3.8%,245,5.5%,"37,309",14.1%,"13,266",28.8%,"1,971",-25.3%,506,4.9%,"9,358",2.3%,"30,520",10.4%,"7,118",3.4%,"14,844",8.5%,"2,421",43.3%,"10,333",7.3%,"6,685",-3.3%,"33,803",7.2%,"19,220",3.0%,"1,105",2.4%,"14,931",2.1%,"1,466",63.5%,"2,525",7.8%,594,6.7%,"5,095",8.5%,"9,273",5.2%,"-4,178",1.3%,,
2022,1,"191,920",8.6%,"186,171",8.4%,"1,186",3.3%,229,-5.2%,"36,126",6.3%,"12,892",6.6%,"2,435",8.5%,510,1.7%,"8,837",4.2%,"28,061",14.4%,"6,198",4.1%,"14,588",7.5%,"2,623",177.7%,"10,399",5.0%,"7,088",7.7%,"33,996",7.3%,"19,370",2.9%,"1,118",11.0%,"15,052",3.9%,"1,460",88.6%,"2,489",8.3%,605,21.4%,"5,748",12.7%,"10,073",8.6%,"-4,324",3.5%,,
2022,2,"198,430",7.1%,"192,996",7.3%,"1,197",3.5%,232,-10.8%,"36,111",0.3%,"12,023",-7.9%,"2,719",33.7%,511,0.3%,"9,372",3.2%,"31,377",15.1%,"6,628",1.4%,"15,534",10.9%,"2,860",80.6%,"10,508",2.6%,"7,389",14.7%,"34,348",5.7%,"19,404",3.2%,"1,117",6.5%,"15,160",4.6%,"2,002",33.9%,"2,526",4.6%,627,14.6%,"5,434",1.3%,"9,758",2.3%,"-4,324",3.5%,,
2022,3,"197,914",4.8%,"192,706",5.0%,"1,230",4.2%,230,-8.9%,"34,992",-2.9%,"11,630",-12.3%,"2,882",36.0%,491,-4.4%,"9,465",1.3%,"29,595",12.8%,"6,465",4.8%,"15,938",8.0%,"3,513",20.8%,"10,525",2.0%,"7,598",17.3%,"34,793",4.1%,"19,639",3.3%,"1,128",3.7%,"15,402",3.8%,"2,144",7.2%,"2,506",-0.1%,634,8.6%,"5,208",-2.4%,"9,532",0.2%,"-4,324",3.5%,,
2022,4,"202,824",4.5%,"198,101",4.8%,"1,263",6.1%,225,-8.1%,"35,855",-3.9%,"11,532",-13.1%,"2,742",39.1%,485,-4.2%,"9,708",3.7%,"33,490",9.7%,"7,178",0.9%,"15,901",7.1%,"2,904",20.0%,"10,910",5.6%,"7,724",15.5%,"34,826",3.0%,"19,998",4.0%,"1,148",3.8%,"15,597",4.5%,"2,156",47.0%,"2,532",0.3%,637,7.3%,"4,723",-7.3%,"9,047",-2.4%,"-4,324",3.5%,,
2023,1,"199,147",3.8%,"193,494",3.9%,"1,243",4.8%,220,-4.0%,"36,164",0.1%,"12,125",-6.0%,"3,230",32.6%,480,-5.9%,"9,283",5.0%,"29,004",3.4%,"6,230",0.5%,"16,010",9.8%,"3,205",22.2%,"10,752",3.4%,"7,769",9.6%,"34,995",2.9%,"20,058",3.6%,"1,151",3.0%,"15,715",4.4%,984,-32.6%,"2,593",4.2%,636,5.1%,"5,652",-1.7%,"10,157",0.8%,"-4,504",4.2%,,
2023,2,"200,370",1.0%,"195,240",1.2%,"1,228",2.6%,231,-0.7%,"35,887",-0.6%,"11,735",-2.4%,"3,250",19.5%,474,-7.2%,"9,750",4.0%,"29,435",-6.2%,"6,533",-1.4%,"16,370",5.4%,"3,393",18.6%,"10,695",1.8%,"7,811",5.7%,"35,303",2.8%,"20,115",3.7%,"1,150",3.0%,"15,859",4.6%,"1,008",-49.7%,"2,639",4.5%,644,2.7%,"5,130",-5.6%,"9,634",-1.3%,"-4,504",4.2%,,
2023,3,"200,033",1.1%,"194,915",1.1%,"1,263",2.7%,234,1.5%,"35,069",0.2%,"11,959",2.8%,"3,461",20.1%,468,-4.6%,"9,858",4.1%,"28,247",-4.6%,"6,276",-2.9%,"16,440",3.1%,"3,897",10.9%,"10,551",0.2%,"7,850",3.3%,"35,540",2.1%,"20,457",4.2%,"1,174",4.1%,"16,103",4.6%,"1,030",-52.0%,"2,627",4.8%,646,1.8%,"5,118",-1.7%,"9,622",0.9%,"-4,504",4.2%,,
2023,4,"204,083",0.6%,"199,563",0.7%,"1,288",2.0%,230,2.2%,"36,226",1.0%,"11,751",1.9%,"3,300",20.3%,473,-2.5%,"9,975",2.8%,"31,130",-7.0%,"6,974",-2.8%,"16,470",3.6%,"3,265",12.4%,"10,597",-2.9%,"7,889",2.1%,"35,925",3.2%,"20,884",4.4%,"1,187",3.4%,"16,386",5.1%,"1,055",-51.1%,"2,632",3.9%,651,2.1%,"4,520",-4.3%,"9,025",-0.2%,"-4,504",4.2%,,
2024,1,"202,502",1.7%,"196,553",1.6%,"1,289",3.6%,224,1.5%,"35,281",-2.4%,"12,231",0.9%,"3,727",15.4%,483,0.5%,"9,424",1.5%,"28,067",-3.2%,"6,221",-0.2%,"16,556",3.4%,"3,549",10.7%,"10,533",-2.0%,"7,930",2.1%,"36,066",3.1%,"20,982",4.6%,"1,186",3.0%,"16,466",4.8%,"1,482",50.6%,"2,655",2.4%,656,3.1%,"5,950",5.3%,"10,632",4.7%,"-4,682",3.9%,,
2024,2,"207,110",3.4%,"201,717",3.3%,"1,264",2.9%,231,0.2%,"37,221",3.7%,"13,275",13.1%,"3,748",15.3%,489,3.1%,"9,947",2.0%,"29,155",-1.0%,"6,447",-1.3%,"16,884",3.1%,"3,535",4.2%,"10,553",-1.3%,"7,963",1.9%,"36,677",3.9%,"21,000",4.4%,"1,178",2.4%,"16,636",4.9%,"1,901",88.6%,"2,664",0.9%,672,4.3%,"5,393",5.1%,"10,075",4.6%,"-4,682",3.9%,,
,,,,,,,,,,,,,,,,,,,,,,,,,,,,,,,,,,,,,,,,,,,,,,,,,,,,,
